Workbook

Sheet Efficient Frontier
A1: Two-Stock Efficient Frontier (Historical)
A3: Annualisation factor (trading days/yr) | B3: 250
B5: GRASIM.NS | C5: INFY.NS
A6: Expected return (annualised) | B6: =AVERAGE('Daily Returns'!$B$2:$B$2473)*$B$3 -> 0.18936366 | C6: =AVERAGE('Daily Returns'!$C$2:$C$2473)*$B$3 -> 0.13839613
A7: Standard deviation (annualised) | B7: =STDEV('Daily Returns'!$B$2:$B$2473)*SQRT($B$3) -> 0.29157695 | C7: =STDEV('Daily Returns'!$C$2:$C$2473)*SQRT($B$3) -> 0.267234
A8: Correlation (A,B) | B8: =CORREL('Daily Returns'!$B$2:$B$2473,'Daily Returns'!$C$2:$C$2473) -> 0.21726122
A10: Portfolio | B10: Weight A | C10: Weight B | D10: Expected Return | E10: Standard Deviation
A11: Portfolio 1 | B11: 1 | C11: =1-B11 -> 0 | D11: =B11*$B$6+C11*$C$6 -> 0.18936366 | E11: =SQRT(B11^2*$B$7^2 + C11^2*$C$7^2 + 2*B11*C11*$B$8*$B$7*$C$7) -> 0.29157695
A12: Portfolio 2 | B12: 0.9 | C12: =1-B12 -> 0.1 | D12: =B12*$B$6+C12*$C$6 -> 0.18426691 | E12: =SQRT(B12^2*$B$7^2 + C12^2*$C$7^2 + 2*B12*C12*$B$8*$B$7*$C$7) -> 0.26949062
A13: Portfolio 3 | B13: 0.8 | C13: =1-B13 -> 0.2 | D13: =B13*$B$6+C13*$C$6 -> 0.17917016 | E13: =SQRT(B13^2*$B$7^2 + C13^2*$C$7^2 + 2*B13*C13*$B$8*$B$7*$C$7) -> 0.25036921
A14: Portfolio 4 | B14: 0.7 | C14: =1-B14 -> 0.3 | D14: =B14*$B$6+C14*$C$6 -> 0.1740734 | E14: =SQRT(B14^2*$B$7^2 + C14^2*$C$7^2 + 2*B14*C14*$B$8*$B$7*$C$7) -> 0.23493778
A15: Portfolio 5 | B15: 0.6 | C15: =1-B15 -> 0.4 | D15: =B15*$B$6+C15*$C$6 -> 0.16897665 | E15: =SQRT(B15^2*$B$7^2 + C15^2*$C$7^2 + 2*B15*C15*$B$8*$B$7*$C$7) -> 0.22396036
A16: Portfolio 6 | B16: 0.5 | C16: =1-B16 -> 0.5 | D16: =B16*$B$6+C16*$C$6 -> 0.16387989 | E16: =SQRT(B16^2*$B$7^2 + C16^2*$C$7^2 + 2*B16*C16*$B$8*$B$7*$C$7) -> 0.21811052
A17: Portfolio 7 | B17: 0.4 | C17: =1-B17 -> 0.6 | D17: =B17*$B$6+C17*$C$6 -> 0.15878314 | E17: =SQRT(B17^2*$B$7^2 + C17^2*$C$7^2 + 2*B17*C17*$B$8*$B$7*$C$7) -> 0.2178018
A18: Portfolio 8 | B18: 0.3 | C18: =1-B18 -> 0.7 | D18: =B18*$B$6+C18*$C$6 -> 0.15368639 | E18: =SQRT(B18^2*$B$7^2 + C18^2*$C$7^2 + 2*B18*C18*$B$8*$B$7*$C$7) -> 0.2230572
A19: Portfolio 9 | B19: 0.2 | C19: =1-B19 -> 0.8 | D19: =B19*$B$6+C19*$C$6 -> 0.14858963 | E19: =SQRT(B19^2*$B$7^2 + C19^2*$C$7^2 + 2*B19*C19*$B$8*$B$7*$C$7) -> 0.23350135
A20: Portfolio 10 | B20: 0.1 | C20: =1-B20 -> 0.9 | D20: =B20*$B$6+C20*$C$6 -> 0.14349288 | E20: =SQRT(B20^2*$B$7^2 + C20^2*$C$7^2 + 2*B20*C20*$B$8*$B$7*$C$7) -> 0.2484808
A21: Portfolio 11 | B21: 0 | C21: =1-B21 -> 1 | D21: =B21*$B$6+C21*$C$6 -> 0.13839613 | E21: =SQRT(B21^2*$B$7^2 + C21^2*$C$7^2 + 2*B21*C21*$B$8*$B$7*$C$7) -> 0.267234
A23: Minimum-variance portfolio (analytical)
A24: Weight A* | B24: =($C$7^2-$B$8*$B$7*$C$7)/($B$7^2+$C$7^2-2*$B$8*$B$7*$C$7) -> 0.44451039 | C24: =1-B24 -> 0.55548961
A25: Return* / Risk* | B25: =B24*$B$6+C24*$C$6 -> 0.16105173 | C25: =SQRT(B24^2*$B$7^2 + C24^2*$C$7^2 + 2*B24*C24*$B$8*$B$7*$C$7) -> 0.2172436
A27: 1. MVP mix: 44.5% GRASIM / 55.5% INFY, giving an expected return of 16.11% and a standard deviation of 21.72%.
A28: 2. Risk falls below BOTH stocks: SD 21.72% vs GRASIM 29.16% and INFY 26.72% (a cut of 5.00% versus the safer stock). The low correlation of 0.217 is what makes this possible.
A29: 3. Diversification benefit: the weighted average of the two stock SDs at MVP weights would be 27.81%; the actual MVP risk is 21.72%, i.e. 6.08% lower.
A30: 4. INFY alone is DOMINATED: the MVP earns 2.27% more return than INFY with 5.00% less risk. Every portfolio with GRASIM weight below 44.5% is on the inefficient lower branch of the curve (Portfolios 7-11 on this grid).
A31: 5. The efficient frontier is the part from the MVP upward to 100% GRASIM (Portfolios 1-6). Moving from the MVP to GRASIM alone adds 2.83% of return for 7.43% more risk, so the extra return is paid for with risk.
A32: 6. Return per unit of risk (return / SD, no risk-free rate): GRASIM 0.65, INFY 0.52, MVP 0.74. The MVP is the best of the three on this simple measure.
A33: 7. The curve is very flat near the bottom: the lowest-risk grid portfolio (40% GRASIM, SD 21.78%) is within 0.056% of the exact MVP. Small weight errors near the MVP cost almost nothing in risk.
A34: 8. Why the MVP is the more trustworthy point: its weights depend only on standard deviations and correlation, which are estimated far more reliably from history than expected returns. The return figures (annualised average x 250) are noisy, so treat the upper part of the frontier with more caution.
A35: 9. Limits: historical, long-only, two stocks only, no transaction costs, taxes or risk-free asset. Statistics use the full sample (Aug 2016 to Jul 2026) and the ranges are fixed to rows 2-2473, so extend them if you add data.

Sheet Daily Returns
A1: Date | B1: GRASIM.NS | C1: INFY.NS
A2: 42584 | B2: 0.00070154562 | C2: -0.0013360305
A3: 42585 | B3: -0.0046476272 | C3: 0.0010149117
A4: 42586 | B4: 0.0054542446 | C4: -0.012074597
A5: 42587 | B5: 0.054038665 | C5: -0.0035457026
A6: 42590 | B6: 0.0039218875 | C6: 0.010018835
A7: 42591 | B7: -0.018870199 | C7: 0.0043570111
A8: 42592 | B8: -0.066106248 | C8: -0.00096922516
A9: 42593 | B9: -0.062743853 | C9: -0.0046194768
A10: 42594 | B10: 0.0048350438 | C10: -0.013737466
A11: 42598 | B11: -0.016869225 | C11: -0.010116961
A12: 42599 | B12: 0.0079273319 | C12: -0.01758902
A13: 42600 | B13: 0.023638451 | C13: -0.0095810858
... A2473: 46234 | B2473: -0.0012883972 | C2473: -0.021643148

Sheet Instructions
A1: Two-Stock Efficient Frontier
A3: Colour legend
A4: BLUE = inputs you may edit (Weight A cells, annualisation factor)
A5: BLACK = formulas on the Efficient Frontier sheet
A6: GREEN = formulas that read the Daily Returns sheet
A8: What the sheet does
A9: 1. Expected return, SD and correlation are computed from daily returns.
A10: 2. For each weight pair: E[rp]=wA*EA+wB*EB.
A11: 3. Risk: sd_p = sqrt(wA^2 sdA^2 + wB^2 sdB^2 + 2 wA wB rho sdA sdB).
A12: 4. The scatter (risk on X, return on Y) traces the Markowitz shape.
A13: 5. The yellow block is the analytical minimum-variance portfolio.
A15: Exercises
... A21: 5. Mark the efficient half: only points on/above the min-variance point.
