Workbook

Sheet Portfolio Risk
A1: Portfolio Risk (sigma_p^2 = w' Sigma w)
A3: Annualisation factor (trading days/yr) | B3: 250
A5: WEIGHTS - edit the blue cells; they must sum to 100%
A6: Stock | B6: GRASIM.NS | C6: ICICIBANK.NS | D6: INFY.NS | E6: RELIANCE.NS | F6: Total
A7: Weight | B7: 0.3 | C7: 0.15 | D7: 0.2 | E7: 0.35 | F7: =SUM(B7:E7) -> 1 | G7: =IF(ABS(F7-1)<0.0001,"OK","FIX: must total 100%") -> OK
A9: DAILY COVARIANCE MATRIX =SUMPRODUCT(...)/(n-1) on daily returns
B10: GRASIM.NS | C10: ICICIBANK.NS | D10: INFY.NS | E10: RELIANCE.NS
A11: GRASIM.NS | B11: =SUMPRODUCT(('Daily Returns'!B2:B2473-AVERAGE('Daily Returns'!B2:B2473)),('Daily Returns'!B2:B2473-AVERAGE('Daily Returns'!B2:B2473)))/(COUNT('Daily Returns'!B2:B2473)-1) -> 0.00034006846 | C11: =SUMPRODUCT(('Daily Returns'!B2:B2473-AVERAGE('Daily Returns'!B2:B2473)),('Daily Returns'!C2:C2473-AVERAGE('Daily Returns'!C2:C2473)))/(COUNT('Daily Returns'!B2:B2473)-1) -> 0.00014368698 | D11: =SUMPRODUCT(('Daily Returns'!B2:B2473-AVERAGE('Daily Returns'!B2:B2473)),('Daily Returns'!D2:D2473-AVERAGE('Daily Returns'!D2:D2473)))/(COUNT('Daily Returns'!B2:B2473)-1) -> 6.7715345e-05 | E11: =SUMPRODUCT(('Daily Returns'!B2:B2473-AVERAGE('Daily Returns'!B2:B2473)),('Daily Returns'!E2:E2473-AVERAGE('Daily Returns'!E2:E2473)))/(COUNT('Daily Returns'!B2:B2473)-1) -> 0.00011016573
A12: ICICIBANK.NS | B12: =SUMPRODUCT(('Daily Returns'!C2:C2473-AVERAGE('Daily Returns'!C2:C2473)),('Daily Returns'!B2:B2473-AVERAGE('Daily Returns'!B2:B2473)))/(COUNT('Daily Returns'!C2:C2473)-1) -> 0.00014368698 | C12: =SUMPRODUCT(('Daily Returns'!C2:C2473-AVERAGE('Daily Returns'!C2:C2473)),('Daily Returns'!C2:C2473-AVERAGE('Daily Returns'!C2:C2473)))/(COUNT('Daily Returns'!C2:C2473)-1) -> 0.00033949686 | D12: =SUMPRODUCT(('Daily Returns'!C2:C2473-AVERAGE('Daily Returns'!C2:C2473)),('Daily Returns'!D2:D2473-AVERAGE('Daily Returns'!D2:D2473)))/(COUNT('Daily Returns'!C2:C2473)-1) -> 7.1714063e-05 | E12: =SUMPRODUCT(('Daily Returns'!C2:C2473-AVERAGE('Daily Returns'!C2:C2473)),('Daily Returns'!E2:E2473-AVERAGE('Daily Returns'!E2:E2473)))/(COUNT('Daily Returns'!C2:C2473)-1) -> 0.00011070346
A13: INFY.NS | B13: =SUMPRODUCT(('Daily Returns'!D2:D2473-AVERAGE('Daily Returns'!D2:D2473)),('Daily Returns'!B2:B2473-AVERAGE('Daily Returns'!B2:B2473)))/(COUNT('Daily Returns'!D2:D2473)-1) -> 6.7715345e-05 | C13: =SUMPRODUCT(('Daily Returns'!D2:D2473-AVERAGE('Daily Returns'!D2:D2473)),('Daily Returns'!C2:C2473-AVERAGE('Daily Returns'!C2:C2473)))/(COUNT('Daily Returns'!D2:D2473)-1) -> 7.1714063e-05 | D13: =SUMPRODUCT(('Daily Returns'!D2:D2473-AVERAGE('Daily Returns'!D2:D2473)),('Daily Returns'!D2:D2473-AVERAGE('Daily Returns'!D2:D2473)))/(COUNT('Daily Returns'!D2:D2473)-1) -> 0.00028565604 | E13: =SUMPRODUCT(('Daily Returns'!D2:D2473-AVERAGE('Daily Returns'!D2:D2473)),('Daily Returns'!E2:E2473-AVERAGE('Daily Returns'!E2:E2473)))/(COUNT('Daily Returns'!D2:D2473)-1) -> 7.1156786e-05
A14: RELIANCE.NS | B14: =SUMPRODUCT(('Daily Returns'!E2:E2473-AVERAGE('Daily Returns'!E2:E2473)),('Daily Returns'!B2:B2473-AVERAGE('Daily Returns'!B2:B2473)))/(COUNT('Daily Returns'!E2:E2473)-1) -> 0.00011016573 | C14: =SUMPRODUCT(('Daily Returns'!E2:E2473-AVERAGE('Daily Returns'!E2:E2473)),('Daily Returns'!C2:C2473-AVERAGE('Daily Returns'!C2:C2473)))/(COUNT('Daily Returns'!E2:E2473)-1) -> 0.00011070346 | D14: =SUMPRODUCT(('Daily Returns'!E2:E2473-AVERAGE('Daily Returns'!E2:E2473)),('Daily Returns'!D2:D2473-AVERAGE('Daily Returns'!D2:D2473)))/(COUNT('Daily Returns'!E2:E2473)-1) -> 7.1156786e-05 | E14: =SUMPRODUCT(('Daily Returns'!E2:E2473-AVERAGE('Daily Returns'!E2:E2473)),('Daily Returns'!E2:E2473-AVERAGE('Daily Returns'!E2:E2473)))/(COUNT('Daily Returns'!E2:E2473)-1) -> 0.00029052198
A16: WEIGHTED CONTRIBUTION MATRIX = w_i * w_j * Cov(i,j)
B17: GRASIM.NS | C17: ICICIBANK.NS | D17: INFY.NS | E17: RELIANCE.NS
A18: GRASIM.NS | B18: =$B$7*$B$7*B11 -> 3.0606161e-05 | C18: =$B$7*$C$7*C11 -> 6.4659142e-06 | D18: =$B$7*$D$7*D11 -> 4.0629207e-06 | E18: =$B$7*$E$7*E11 -> 1.1567401e-05
A19: ICICIBANK.NS | B19: =$C$7*$B$7*B12 -> 6.4659142e-06 | C19: =$C$7*$C$7*C12 -> 7.6386794e-06 | D19: =$C$7*$D$7*D12 -> 2.1514219e-06 | E19: =$C$7*$E$7*E12 -> 5.8119316e-06
A20: INFY.NS | B20: =$D$7*$B$7*B13 -> 4.0629207e-06 | C20: =$D$7*$C$7*C13 -> 2.1514219e-06 | D20: =$D$7*$D$7*D13 -> 1.1426242e-05 | E20: =$D$7*$E$7*E13 -> 4.980975e-06
A21: RELIANCE.NS | B21: =$E$7*$B$7*B14 -> 1.1567401e-05 | C21: =$E$7*$C$7*C14 -> 5.8119316e-06 | D21: =$E$7*$D$7*D14 -> 4.980975e-06 | E21: =$E$7*$E$7*E14 -> 3.5588942e-05
A23: Daily portfolio variance | B23: =SUM(B18:E21) -> 0.00015534115 | C23: Sum of every weighted contribution above
A24: Annualised portfolio variance | B24: =B23*$B$3 -> 0.038835288 | C24: Daily variance x annualisation factor
A25: Annualised portfolio volatility (SD) | B25: =SQRT(B24) -> 0.19706671 | C25: Headline number: portfolio risk
A26: Weighted-avg volatility (no diversification) | B26: =B7*SQRT(B11*$B$3)+C7*SQRT(C12*$B$3)+D7*SQRT(D13*$B$3)+E7*SQRT(E14*$B$3) -> 0.27894481 | C26: What risk would be if correlations were +1
A27: Diversification benefit | B27: =B26-B25 -> 0.081878101 | C27: Weighted-avg SD minus actual portfolio SD (>=0)

Sheet Daily Returns
A1: Date | B1: GRASIM.NS | C1: ICICIBANK.NS | D1: INFY.NS | E1: RELIANCE.NS
A2: 42584 | B2: 0.00070154562 | C2: -0.016833598 | D2: -0.0013360305 | E2: 0.0032691187
A3: 42585 | B3: -0.0046476272 | C3: -0.013045265 | D3: 0.0010149117 | E3: -0.018611953
A4: 42586 | B4: 0.0054542446 | C4: -0.0072283573 | D4: -0.012074597 | E4: -0.00095580554
A5: 42587 | B5: 0.054038665 | C5: 0.023299453 | D5: -0.0035457026 | E5: 0.023413925
A6: 42590 | B6: 0.0039218875 | C6: -0.0028462992 | D6: 0.010018835 | E6: 0.01279219
A7: 42591 | B7: -0.018870199 | C7: 0.00040762999 | D7: 0.0043570111 | E7: 0.0014088017
A8: 42592 | B8: -0.066106248 | C8: -0.02445471 | D8: -0.00096922516 | E8: -0.026244209
A9: 42593 | B9: -0.062743853 | C9: 0.013996334 | D9: -0.0046194768 | E9: 0.010411897
A10: 42594 | B10: 0.0048350438 | C10: 0.013391082 | D10: -0.013737466 | E10: 0.021398261
A11: 42598 | B11: -0.016869225 | C11: 0.010571102 | D11: -0.010116961 | E11: -0.010523208
A12: 42599 | B12: 0.0079273319 | C12: -0.0038221058 | D12: -0.01758902 | E12: -0.011318316
A13: 42600 | B13: 0.023638451 | C13: 0.021405291 | D13: -0.0095810858 | E13: 0.0046877674
... A2473: 46234 | B2473: -0.0012883972 | C2473: 0.0010460747 | D2473: -0.021643148 | E2473: 0.011524499

Sheet Instructions
A1: Portfolio Risk Calculator
A3: Colour legend
A4: BLUE cells = inputs you may edit (weights, annualisation factor)
A5: BLACK cells = formulas on the Portfolio Risk sheet
A6: GREEN cells = formulas that read from the Daily Returns sheet
A8: How it works
A9: 1. Daily Returns sheet holds daily simple returns (the raw input).
A10: 2. Covariance matrix = SUMPRODUCT(dev_i, dev_j)/(n-1) on those returns.
A11: 3. Contribution matrix cell = w_i * w_j * Cov(i,j).
A12: 4. Daily portfolio variance = SUM of the contribution matrix = w' Sigma w.
A13: 5. Annualise (x trading days), then take the square root for volatility.
A15: Why simple (not log) returns
... A25: 5. Explain why diversification benefit grows as correlations fall.
